mean_fit_time,std_fit_time,mean_score_time,std_score_time,param_max_depth,param_min_samples_leaf,param_min_samples_split,param_n_estimators,params,split0_test_score,split1_test_score,split2_test_score,mean_test_score,std_test_score,rank_test_score,split0_train_score,split1_train_score,split2_train_score,mean_train_score,std_train_score
0.2035658359527588,0.018435006677853364,0.07107901573181152,0.02627655199815017,5,1,2,50,"{'max_depth': 5, 'min_samples_leaf': 1, 'min_samples_split': 2, 'n_estimators': 50}",0.3561643835616438,0.4235294117647059,0.27848101265822783,0.35272493599485916,0.05926568355302828,54,0.5853658536585366,0.6235294117647059,0.6961325966850829,0.6350092873694418,0.045943142383475064
0.2578147252400716,0.043742992803998286,0.06851760546366374,0.011151705019385064,5,1,2,100,"{'max_depth': 5, 'min_samples_leaf': 1, 'min_samples_split': 2, 'n_estimators': 100}",0.4266666666666667,0.2891566265060241,0.23076923076923078,0.31553084131397385,0.08212044306119076,83,0.5903614457831325,0.6514285714285715,0.7135135135135136,0.6517678435750726,0.05027719347616195
0.5184229214986166,0.1020138000792292,0.11963725090026855,0.019305067351120097,5,1,2,200,"{'max_depth': 5, 'min_samples_leaf': 1, 'min_samples_split': 2, 'n_estimators': 200}",0.4266666666666667,0.3373493975903614,0.16,0.30800535475234275,0.11082593684193061,91,0.631578947368421,0.6153846153846154,0.6815642458100558,0.6428426028543641,0.028167218795276665
0.15677475929260254,0.01907948978039468,0.0663454532623291,0.004202332766682491,5,1,5,50,"{'max_depth': 5, 'min_samples_leaf': 1, 'min_samples_split': 5, 'n_estimators': 50}",0.39473684210526316,0.2962962962962963,0.22784810126582278,0.30629374655579406,0.06849780878982832,93,0.5590062111801242,0.6071428571428571,0.6779661016949152,0.6147050566726322,0.0488586671541421
0.2502248287200928,0.02609080610876198,0.06920774777730306,0.013163749506264625,5,1,5,100,"{'max_depth': 5, 'min_samples_leaf': 1, 'min_samples_split': 5, 'n_estimators': 100}",0.4,0.2962962962962963,0.24390243902439024,0.31339957844022887,0.0648639798897394,88,0.5555555555555556,0.6198830409356725,0.6779661016949152,0.6178015660620478,0.04999556550182708
0.529732863108317,0.05509551368222234,0.11290216445922852,0.03465656509278524,5,1,5,200,"{'max_depth': 5, 'min_samples_leaf': 1, 'min_samples_split': 5, 'n_estimators': 200}",0.4,0.2962962962962963,0.2077922077922078,0.30136283469616804,0.07855024381403489,96,0.6071428571428571,0.6153846153846154,0.6741573033707865,0.632228258632753,0.029838624177531026
0.15610035260518393,0.014844743754520754,0.050661961237589516,0.010249887523164216,5,1,10,50,"{'max_depth': 5, 'min_samples_leaf': 1, 'min_samples_split': 10, 'n_estimators': 50}",0.37333333333333335,0.2857142857142857,0.20253164556962025,0.28719308820574646,0.06973733709828521,102,0.5375,0.5662650602409639,0.6551724137931034,0.5863124913446891,0.05008741600021438
0.3104714552561442,0.014120460405926702,0.09171589215596516,0.0118335227553117,5,1,10,100,"{'max_depth': 5, 'min_samples_leaf': 1, 'min_samples_split': 10, 'n_estimators': 100}",0.4,0.3,0.2222222222222222,0.3074074074074074,0.07276623223847595,92,0.546583850931677,0.6035502958579881,0.6440677966101694,0.5980673144666117,0.039986057819907266
0.48509804407755536,0.04510361516377885,0.09708285331726074,0.021073470891613835,5,1,10,200,"{'max_depth': 5, 'min_samples_leaf': 1, 'min_samples_split': 10, 'n_estimators': 200}",0.42105263157894735,0.3076923076923077,0.24691358024691357,0.3252195065060562,0.07216418466893243,74,0.5679012345679012,0.5818181818181818,0.6514285714285715,0.6003826626048848,0.03653933005150177
0.20237461725870767,0.021689007569070613,0.07076803843180339,0.012352574421566674,5,2,2,50,"{'max_depth': 5, 'min_samples_leaf': 2, 'min_samples_split': 2, 'n_estimators': 50}",0.4,0.3855421686746988,0.2682926829268293,0.351278283867176,0.0589757842634335,55,0.6235294117647059,0.591715976331361,0.6815642458100558,0.6322698779687075,0.03719744340835369
0.21391900380452475,0.004633803569730798,0.07214196523030598,0.007812297469477738,5,2,2,100,"{'max_depth': 5, 'min_samples_leaf': 2, 'min_samples_split': 2, 'n_estimators': 100}",0.4,0.3132530120481928,0.2222222222222222,0.3118250780901383,0.07258449703365341,89,0.5988023952095808,0.611764705882353,0.6703910614525139,0.6269860541814826,0.031144837631546365
0.49033697446187335,0.031747623465694756,0.08975052833557129,0.001989940385578552,5,2,2,200,"{'max_depth': 5, 'min_samples_leaf': 2, 'min_samples_split': 2, 'n_estimators': 200}",0.41025641025641024,0.3,0.15789473684210525,0.28938371569950516,0.10329934711435751,101,0.6071428571428571,0.6153846153846154,0.6666666666666666,0.6297313797313797,0.02633303641781403
0.12280154228210449,0.012235157693605999,0.04673012097676595,0.008572659295867799,5,2,5,50,"{'max_depth': 5, 'min_samples_leaf': 2, 'min_samples_split': 5, 'n_estimators': 50}",0.4155844155844156,0.37209302325581395,0.20512820512820512,0.3309352146561449,0.09071357133469587,69,0.5818181818181818,0.562874251497006,0.6704545454545454,0.6050489929232444,0.04689088646668258
0.2454984188079834,0.03916983549040634,0.07454506556193034,0.01976970314893467,5,2,5,100,"{'max_depth': 5, 'min_samples_leaf': 2, 'min_samples_split': 5, 'n_estimators': 100}",0.42105263157894735,0.3170731707317073,0.26506024096385544,0.33439534775817004,0.0648508537345754,68,0.5818181818181818,0.6,0.6815642458100558,0.6211274758760791,0.04337508500002038
0.5002909501393636,0.029420560812889403,0.08370343844095866,0.00634567162068682,5,2,5,200,"{'max_depth': 5, 'min_samples_leaf': 2, 'min_samples_split': 5, 'n_estimators': 200}",0.4,0.3,0.18666666666666668,0.2955555555555555,0.08714965133834479,98,0.6153846153846154,0.5818181818181818,0.6704545454545454,0.6225524475524475,0.03653887977811286
0.177735964457194,0.023132137550755202,0.06680059432983398,0.008061339853581328,5,2,10,50,"{'max_depth': 5, 'min_samples_leaf': 2, 'min_samples_split': 10, 'n_estimators': 50}",0.3561643835616438,0.36585365853658536,0.21333333333333335,0.31178379181052085,0.06972727870382495,90,0.525,0.5365853658536586,0.6162790697674418,0.5592881452070334,0.04057527397466259
0.31957268714904785,0.04599027036488753,0.08164008458455403,0.027569550424906407,5,2,10,100,"{'max_depth': 5, 'min_samples_leaf': 2, 'min_samples_split': 10, 'n_estimators': 100}",0.3783783783783784,0.275,0.22784810126582278,0.2937421598814004,0.06286648550518618,100,0.5095541401273885,0.5868263473053892,0.64,0.5787934958109259,0.05355636044906539
0.46993740399678546,0.02708791324678072,0.09607323010762532,0.015993633238199436,5,2,10,200,"{'max_depth': 5, 'min_samples_leaf': 2, 'min_samples_split': 10, 'n_estimators': 200}",0.39473684210526316,0.3037974683544304,0.18421052631578946,0.294248278925161,0.08621184247360048,99,0.5432098765432098,0.5644171779141104,0.6436781609195402,0.5837684051256202,0.04323826651878638
0.14822991689046225,0.01585206193533846,0.0547646681467692,0.010855992198164946,5,4,2,50,"{'max_depth': 5, 'min_samples_leaf': 4, 'min_samples_split': 2, 'n_estimators': 50}",0.4155844155844156,0.34146341463414637,0.16,0.30568261007285397,0.10736556820414034,94,0.5575757575757576,0.5432098765432098,0.6358381502890174,0.5788745948026616,0.04070405077872616
0.306077241897583,0.010437085216725974,0.07091895739237468,0.006090381412942541,5,4,2,100,"{'max_depth': 5, 'min_samples_leaf': 4, 'min_samples_split': 2, 'n_estimators': 100}",0.39473684210526316,0.3,0.136986301369863,0.27724104782504205,0.10644971501582116,106,0.5487804878048781,0.5432098765432098,0.6666666666666666,0.5862190103382515,0.05693052481758356
0.5544424057006836,0.030025304948493477,0.12384716669718425,0.020606407344436844,5,4,2,200,"{'max_depth': 5, 'min_samples_leaf': 4, 'min_samples_split': 2, 'n_estimators': 200}",0.42105263157894735,0.275,0.136986301369863,0.2776796443162701,0.11598507191261131,104,0.5748502994011976,0.5157232704402516,0.6436781609195402,0.5780839102536631,0.05228738330133172
0.15860605239868164,0.014244563974434191,0.05907050768534342,0.01946307198302267,5,4,5,50,"{'max_depth': 5, 'min_samples_leaf': 4, 'min_samples_split': 5, 'n_estimators': 50}",0.4155844155844156,0.34146341463414637,0.16,0.30568261007285397,0.10736556820414034,94,0.5575757575757576,0.5432098765432098,0.6358381502890174,0.5788745948026616,0.04070405077872616
0.2881770928700765,0.01136526984238104,0.07640639940897624,0.006121874675276178,5,4,5,100,"{'max_depth': 5, 'min_samples_leaf': 4, 'min_samples_split': 5, 'n_estimators': 100}",0.39473684210526316,0.3,0.136986301369863,0.27724104782504205,0.10644971501582116,106,0.5487804878048781,0.5432098765432098,0.6666666666666666,0.5862190103382515,0.05693052481758356
0.4996043046315511,0.011574168491796768,0.08854246139526367,0.007584992007134616,5,4,5,200,"{'max_depth': 5, 'min_samples_leaf': 4, 'min_samples_split': 5, 'n_estimators': 200}",0.42105263157894735,0.275,0.136986301369863,0.2776796443162701,0.11598507191261131,104,0.5748502994011976,0.5157232704402516,0.6436781609195402,0.5780839102536631,0.05228738330133172
0.17440485954284668,0.02496218460183206,0.06564935048421223,0.0041637081097261755,5,4,10,50,"{'max_depth': 5, 'min_samples_leaf': 4, 'min_samples_split': 10, 'n_estimators': 50}",0.3561643835616438,0.325,0.21052631578947367,0.29723023311703917,0.06261512948509754,97,0.546583850931677,0.5093167701863354,0.6,0.5519668737060042,0.03721643671821337
0.3689844608306885,0.007456668779736432,0.07647395133972168,0.011487973528705123,5,4,10,100,"{'max_depth': 5, 'min_samples_leaf': 4, 'min_samples_split': 10, 'n_estimators': 100}",0.3835616438356164,0.2564102564102564,0.21333333333333335,0.2844350778597354,0.07226553990698383,103,0.5308641975308642,0.5398773006134969,0.6242774566473989,0.56500631826392,0.042072238596249874
0.5131398836771647,0.03629681629018307,0.10755713780721028,0.012413666784074974,5,4,10,200,"{'max_depth': 5, 'min_samples_leaf': 4, 'min_samples_split': 10, 'n_estimators': 200}",0.4,0.2564102564102564,0.16666666666666666,0.27435897435897433,0.09609969985424195,108,0.5542168674698795,0.525,0.6358381502890174,0.5716850059196323,0.046905051508677235
0.1540229320526123,0.033672076626024006,0.06911651293436687,0.025254861674068693,10,1,2,50,"{'max_depth': 10, 'min_samples_leaf': 1, 'min_samples_split': 2, 'n_estimators': 50}",0.4827586206896552,0.4742268041237113,0.4090909090909091,0.4553587779680919,0.03290121316208934,7,1.0,0.9734513274336283,0.9824561403508771,0.9853024892615018,0.011023740452613026
0.2945545514424642,0.017192146579054126,0.07807524998982747,0.016082257517286366,10,1,2,100,"{'max_depth': 10, 'min_samples_leaf': 1, 'min_samples_split': 2, 'n_estimators': 100}",0.4827586206896552,0.4166666666666667,0.38202247191011235,0.4271492530888114,0.04178800770003158,9,1.0,0.9779735682819384,0.9824561403508771,0.9868099028776052,0.00950464306403152
0.4872423807779948,0.05563248643835459,0.10179281234741211,0.015593455171439693,10,1,2,200,"{'max_depth': 10, 'min_samples_leaf': 1, 'min_samples_split': 2, 'n_estimators': 200}",0.4666666666666667,0.46808510638297873,0.4175824175824176,0.450778063544021,0.023480008175939662,8,0.9956709956709957,0.9868995633187773,0.9824561403508771,0.9883422331135501,0.005490541708883183
0.15909910202026367,0.012378400479620274,0.09569629033406575,0.043724146580377765,10,1,5,50,"{'max_depth': 10, 'min_samples_leaf': 1, 'min_samples_split': 5, 'n_estimators': 50}",0.46511627906976744,0.4175824175824176,0.2619047619047619,0.38153448618564895,0.08678832561896573,40,0.9411764705882353,0.9315068493150684,0.9406392694063926,0.9377741964365655,0.004437106882751865
0.3009248574574788,0.005749278941967122,0.07125147183736165,0.011875232590746665,10,1,5,100,"{'max_depth': 10, 'min_samples_leaf': 1, 'min_samples_split': 5, 'n_estimators': 100}",0.4523809523809524,0.43478260869565216,0.3409090909090909,0.4093575506618985,0.04893069355060806,25,0.96,0.9406392694063926,0.9357798165137615,0.9454730286400514,0.01046193873917896
0.47068023681640625,0.007354486180674946,0.08545271555582683,0.005881759332473613,10,1,5,200,"{'max_depth': 10, 'min_samples_leaf': 1, 'min_samples_split': 5, 'n_estimators': 200}",0.4470588235294118,0.41304347826086957,0.3409090909090909,0.4003371308997907,0.044257051274621394,31,0.9642857142857143,0.9502262443438914,0.9406392694063926,0.9517170760119994,0.009711008294874254
0.13902203241984049,0.014264199942743125,0.0664682388305664,0.016524161140929295,10,1,10,50,"{'max_depth': 10, 'min_samples_leaf': 1, 'min_samples_split': 10, 'n_estimators': 50}",0.4819277108433735,0.35294117647058826,0.3058823529411765,0.38025041341837945,0.07441925300499018,42,0.8415841584158416,0.8585365853658536,0.8627450980392157,0.8542886139403038,0.009146230092602407
0.27697277069091797,0.0679708856164445,0.07811983426411946,0.030755673567810077,10,1,10,100,"{'max_depth': 10, 'min_samples_leaf': 1, 'min_samples_split': 10, 'n_estimators': 100}",0.4819277108433735,0.37209302325581395,0.2857142857142857,0.37991167327115766,0.08029435644871047,43,0.8585365853658536,0.8529411764705882,0.845771144278607,0.8524163020383496,0.005224668500820859
0.5630073547363281,0.03732935165880712,0.10286585489908855,0.013146851237417535,10,1,10,200,"{'max_depth': 10, 'min_samples_leaf': 1, 'min_samples_split': 10, 'n_estimators': 200}",0.4878048780487805,0.35294117647058826,0.30952380952380953,0.3834232880143928,0.07590741813432136,38,0.875,0.8585365853658536,0.8737864077669902,0.8691076643776147,0.007491283162524098
0.12311800320943196,0.013547689187204478,0.053319454193115234,0.007199084115809957,10,2,2,50,"{'max_depth': 10, 'min_samples_leaf': 2, 'min_samples_split': 2, 'n_estimators': 50}",0.4827586206896552,0.35294117647058826,0.36363636363636365,0.3997787202655357,0.05883788271131296,32,0.9216589861751152,0.8909952606635071,0.9209302325581395,0.9111948264655872,0.014286348131531946
0.2978498935699463,0.060979262225102804,0.07116103172302246,0.013505579999084688,10,2,2,100,"{'max_depth': 10, 'min_samples_leaf': 2, 'min_samples_split': 2, 'n_estimators': 100}",0.4827586206896552,0.4044943820224719,0.32558139534883723,0.40427813268698803,0.06416751573961646,29,0.9209302325581395,0.9065420560747663,0.9209302325581395,0.9161341737303484,0.006782651440201337
0.5498615900675455,0.022106982382256887,0.08892663319905598,0.0014865690144505238,10,2,2,200,"{'max_depth': 10, 'min_samples_leaf': 2, 'min_samples_split': 2, 'n_estimators': 200}",0.46511627906976744,0.38636363636363635,0.30952380952380953,0.38700124165240446,0.06352195972118964,34,0.9357798165137615,0.9308755760368663,0.9259259259259259,0.9308604394921846,0.004022848225283291
0.16836913426717123,0.014686638044920835,0.06190840403238932,0.013867665711376449,10,2,5,50,"{'max_depth': 10, 'min_samples_leaf': 2, 'min_samples_split': 5, 'n_estimators': 50}",0.47058823529411764,0.38636363636363635,0.3595505617977528,0.4055008111518356,0.04730760916968078,28,0.926605504587156,0.8695652173913043,0.9107981220657277,0.9023229480147293,0.024045374083765697
0.31159329414367676,0.020853349630802355,0.07078639666239421,0.004706712195331876,10,2,5,100,"{'max_depth': 10, 'min_samples_leaf': 2, 'min_samples_split': 5, 'n_estimators': 100}",0.4318181818181818,0.36363636363636365,0.3595505617977528,0.38500170241743276,0.03314624666310069,37,0.9216589861751152,0.8695652173913043,0.9107981220657277,0.9006741085440492,0.02243972554593953
0.5355451107025146,0.017579963221465295,0.12215963999430339,0.0065750207160687,10,2,5,200,"{'max_depth': 10, 'min_samples_leaf': 2, 'min_samples_split': 5, 'n_estimators': 200}",0.4418604651162791,0.36363636363636365,0.37209302325581395,0.39252995066948554,0.03505237523733866,33,0.9107981220657277,0.8952380952380953,0.9056603773584906,0.903898864887438,0.006473319774706855
0.2029267946879069,0.02189830148928073,0.051124254862467446,0.005055978188042103,10,2,10,50,"{'max_depth': 10, 'min_samples_leaf': 2, 'min_samples_split': 10, 'n_estimators': 50}",0.4523809523809524,0.3373493975903614,0.21951219512195122,0.336414181697755,0.09507057202735324,67,0.8020304568527918,0.8020304568527918,0.7835051546391752,0.7958553561149196,0.008732911212518967
0.32622718811035156,0.0322343484204158,0.09028855959574382,0.0011724830116495,10,2,10,100,"{'max_depth': 10, 'min_samples_leaf': 2, 'min_samples_split': 10, 'n_estimators': 100}",0.4578313253012048,0.3132530120481928,0.24691358024691357,0.3393326391987704,0.08805938908460814,66,0.8472906403940886,0.8020304568527918,0.7619047619047619,0.8037419530505474,0.03487964043941889
0.4742753505706787,0.034202695149170965,0.08532913525899251,0.007855689756550816,10,2,10,200,"{'max_depth': 10, 'min_samples_leaf': 2, 'min_samples_split': 10, 'n_estimators': 200}",0.4444444444444444,0.3333333333333333,0.24691358024691357,0.3415637860082304,0.08085136915386214,64,0.8241206030150754,0.8140703517587939,0.7789473684210526,0.8057127743983074,0.019365641489057246
0.1788309415181478,0.011716904313394241,0.07337299982706706,0.02057271965307786,10,4,2,50,"{'max_depth': 10, 'min_samples_leaf': 4, 'min_samples_split': 2, 'n_estimators': 50}",0.4444444444444444,0.3373493975903614,0.3170731707317073,0.3662890042555044,0.05588074186605577,48,0.7486631016042781,0.797979797979798,0.7938144329896907,0.7801524441912555,0.022331167886987455
0.3305232524871826,0.0326929389569655,0.08344109853108723,0.01797503594253765,10,4,2,100,"{'max_depth': 10, 'min_samples_leaf': 4, 'min_samples_split': 2, 'n_estimators': 100}",0.47619047619047616,0.34146341463414637,0.225,0.34755129694154085,0.10263839621194744,60,0.7446808510638298,0.7897435897435897,0.774869109947644,0.7697645169183546,0.018747537737457454
0.4640677769978841,0.030042553041148074,0.10758368174235027,0.010648111506463028,10,4,2,200,"{'max_depth': 10, 'min_samples_leaf': 4, 'min_samples_split': 2, 'n_estimators': 200}",0.4444444444444444,0.30952380952380953,0.20512820512820512,0.3196988196988197,0.09796500641951372,77,0.774869109947644,0.7835051546391752,0.774869109947644,0.7777477915114878,0.004071070509341213
0.1335627237955729,0.010401793150496386,0.08721415201822917,0.01000320486347119,10,4,5,50,"{'max_depth': 10, 'min_samples_leaf': 4, 'min_samples_split': 5, 'n_estimators': 50}",0.4444444444444444,0.3373493975903614,0.3170731707317073,0.3662890042555044,0.05588074186605577,48,0.7486631016042781,0.797979797979798,0.7938144329896907,0.7801524441912555,0.022331167886987455
0.34054040908813477,0.0845320349289301,0.08906261126200359,0.002822630018378184,10,4,5,100,"{'max_depth': 10, 'min_samples_leaf': 4, 'min_samples_split': 5, 'n_estimators': 100}",0.47619047619047616,0.34146341463414637,0.225,0.34755129694154085,0.10263839621194744,60,0.7446808510638298,0.7897435897435897,0.774869109947644,0.7697645169183546,0.018747537737457454
0.5240445931752523,0.04193008334728747,0.125229279200236,0.025470742437269565,10,4,5,200,"{'max_depth': 10, 'min_samples_leaf': 4, 'min_samples_split': 5, 'n_estimators': 200}",0.4444444444444444,0.30952380952380953,0.20512820512820512,0.3196988196988197,0.09796500641951372,77,0.774869109947644,0.7835051546391752,0.774869109947644,0.7777477915114878,0.004071070509341213
0.16259964307149252,0.016562904956608716,0.07053152720133464,0.006438922219894495,10,4,10,50,"{'max_depth': 10, 'min_samples_leaf': 4, 'min_samples_split': 10, 'n_estimators': 50}",0.4,0.37209302325581395,0.24691358024691357,0.3396688678342425,0.0665700501692576,65,0.7135135135135136,0.7643979057591623,0.8,0.7593038064242252,0.03549122400650577
0.32413752873738605,0.01097648568383189,0.10199475288391113,0.03613557946721856,10,4,10,100,"{'max_depth': 10, 'min_samples_leaf': 4, 'min_samples_split': 10, 'n_estimators': 100}",0.43373493975903615,0.3058823529411765,0.225,0.32153909756673754,0.08593182960251937,76,0.7446808510638298,0.7643979057591623,0.7446808510638298,0.7512532026289406,0.009294708720063818
0.5252964496612549,0.03670472584599348,0.09781614939371745,0.014054789331936171,10,4,10,200,"{'max_depth': 10, 'min_samples_leaf': 4, 'min_samples_split': 10, 'n_estimators': 200}",0.425,0.32098765432098764,0.225,0.3236625514403292,0.08167156300675406,75,0.7301587301587301,0.7513227513227513,0.7553191489361702,0.7456002101392172,0.01103999626998648
0.18005951245625815,0.026597309137178716,0.11041045188903809,0.02899629929714361,15,1,2,50,"{'max_depth': 15, 'min_samples_leaf': 1, 'min_samples_split': 2, 'n_estimators': 50}",0.4827586206896552,0.48936170212765956,0.45652173913043476,0.47621402064924984,0.014183079935411982,2,1.0,1.0,1.0,1.0,0.0
0.2714273929595947,0.07868602111466474,0.07350810368855794,0.03466701522999735,15,1,2,100,"{'max_depth': 15, 'min_samples_leaf': 1, 'min_samples_split': 2, 'n_estimators': 100}",0.5116279069767442,0.46153846153846156,0.46153846153846156,0.47823494335122246,0.023612391023522156,1,1.0,1.0,1.0,1.0,0.0
0.4740432898203532,0.05785440508218004,0.11367106437683105,0.011969794856790693,15,1,2,200,"{'max_depth': 15, 'min_samples_leaf': 1, 'min_samples_split': 2, 'n_estimators': 200}",0.4943820224719101,0.46153846153846156,0.4666666666666667,0.47419571689234613,0.014426591689720974,3,1.0,1.0,1.0,1.0,0.0
0.13079071044921875,0.012144831137422561,0.07309452692667644,0.020122358000080758,15,1,5,50,"{'max_depth': 15, 'min_samples_leaf': 1, 'min_samples_split': 5, 'n_estimators': 50}",0.4578313253012048,0.43478260869565216,0.3448275862068966,0.4124805067345845,0.048754480657234735,20,0.9736842105263158,0.9454545454545454,0.9502262443438914,0.9564550001082509,0.012337653647678573
0.30362915992736816,0.03967642159018704,0.08649778366088867,0.03290712086690083,15,1,5,100,"{'max_depth': 15, 'min_samples_leaf': 1, 'min_samples_split': 5, 'n_estimators': 100}",0.47058823529411764,0.4,0.36363636363636365,0.4114081996434938,0.044401846636549766,24,0.9734513274336283,0.9454545454545454,0.9502262443438914,0.9563773724106884,0.012229260884361947
0.614712635676066,0.045975417349157666,0.11190374692281087,0.022197799392686787,15,1,5,200,"{'max_depth': 15, 'min_samples_leaf': 1, 'min_samples_split': 5, 'n_estimators': 200}",0.47619047619047616,0.37777777777777777,0.36363636363636365,0.4058682058682059,0.050059372588547896,27,0.9824561403508771,0.9688888888888889,0.9596412556053812,0.9703287616150491,0.009369619934953647
0.16307552655537924,0.02154043191816694,0.08196695645650227,0.01686535693021037,15,1,10,50,"{'max_depth': 15, 'min_samples_leaf': 1, 'min_samples_split': 10, 'n_estimators': 50}",0.4878048780487805,0.4,0.2682926829268293,0.38536585365853665,0.09021093662881428,35,0.8585365853658536,0.8585365853658536,0.8737864077669902,0.8636198594995658,0.007188835221156136
0.26421348253885907,0.038404588194682746,0.10199594497680664,0.02577345042381253,15,1,10,100,"{'max_depth': 15, 'min_samples_leaf': 1, 'min_samples_split': 10, 'n_estimators': 100}",0.47619047619047616,0.36363636363636365,0.3058823529411765,0.38190306425600545,0.07071760023652941,39,0.8695652173913043,0.8585365853658536,0.8627450980392157,0.8636156335987911,0.0045443045092044
0.46655941009521484,0.04744328954696382,0.105927308400472,0.008284668196475276,15,1,10,200,"{'max_depth': 15, 'min_samples_leaf': 1, 'min_samples_split': 10, 'n_estimators': 200}",0.4578313253012048,0.3409090909090909,0.30952380952380953,0.3694214085780351,0.06381480498628656,44,0.8857142857142857,0.8803827751196173,0.8899521531100478,0.885349737981317,0.0039151773112800995
0.19740033149719238,0.02484731655987226,0.09030874570210774,0.009294336240674446,15,2,2,50,"{'max_depth': 15, 'min_samples_leaf': 2, 'min_samples_split': 2, 'n_estimators': 50}",0.4634146341463415,0.43956043956043955,0.35714285714285715,0.42003931028321273,0.04552822211232081,13,0.9406392694063926,0.9209302325581395,0.9454545454545454,0.9356746824730259,0.010609612726969884
0.3450787862141927,0.036916879562285815,0.09405946731567383,0.018437743082771237,15,2,2,100,"{'max_depth': 15, 'min_samples_leaf': 2, 'min_samples_split': 2, 'n_estimators': 100}",0.4666666666666667,0.4175824175824176,0.37209302325581395,0.41878070250163274,0.038618824615822576,16,0.9454545454545454,0.9454545454545454,0.9308755760368663,0.9405948889819857,0.006872592091968127
0.4636827309926351,0.02215842464554713,0.09667102495829265,0.024865978782578534,15,2,2,200,"{'max_depth': 15, 'min_samples_leaf': 2, 'min_samples_split': 2, 'n_estimators': 200}",0.4634146341463415,0.41304347826086957,0.32941176470588235,0.40195662570436447,0.05526530544730842,30,0.9454545454545454,0.954954954954955,0.9259259259259259,0.9421118087784754,0.012084467936328029
0.16923395792643228,0.025335078352411475,0.11755959192911784,0.03288864287447903,15,2,5,50,"{'max_depth': 15, 'min_samples_leaf': 2, 'min_samples_split': 5, 'n_estimators': 50}",0.47058823529411764,0.44680851063829785,0.3409090909090909,0.41943527894716875,0.05636867027004941,14,0.9315068493150684,0.9166666666666666,0.9056603773584906,0.9179446311134086,0.010590402038194573
0.317158301671346,0.035725166955588014,0.07923698425292969,0.010752828828509666,15,2,5,100,"{'max_depth': 15, 'min_samples_leaf': 2, 'min_samples_split': 5, 'n_estimators': 100}",0.47058823529411764,0.4090909090909091,0.38202247191011235,0.42056720543171305,0.03705628731380021,11,0.9216589861751152,0.9209302325581395,0.9158878504672897,0.9194923564001815,0.002566075826854799
0.4839668273925781,0.045646904196535325,0.12779871622721353,0.010215047413894712,15,2,5,200,"{'max_depth': 15, 'min_samples_leaf': 2, 'min_samples_split': 5, 'n_estimators': 200}",0.42857142857142855,0.3956043956043956,0.4222222222222222,0.41546601546601547,0.014281481318169111,17,0.9166666666666666,0.9259259259259259,0.9259259259259259,0.9228395061728395,0.004364856673991053
0.13646666208902994,0.017378838309156364,0.06301013628641765,0.007689263211956752,15,2,10,50,"{'max_depth': 15, 'min_samples_leaf': 2, 'min_samples_split': 10, 'n_estimators': 50}",0.4523809523809524,0.35294117647058826,0.2988505747126437,0.36805756785472815,0.06358340026087651,46,0.83,0.83,0.8102564102564103,0.8234188034188034,0.009307217461771627
0.2937173048655192,0.04037284758633719,0.09275166193644206,0.011649523181648969,15,2,10,100,"{'max_depth': 15, 'min_samples_leaf': 2, 'min_samples_split': 10, 'n_estimators': 100}",0.4523809523809524,0.3132530120481928,0.2619047619047619,0.342512908777969,0.08046697439346727,62,0.8415841584158416,0.8181818181818182,0.7853403141361257,0.8150354302445951,0.023068988167795863
0.5250767866770426,0.02430661864831463,0.09225932757059734,0.002479222634277231,15,2,10,200,"{'max_depth': 15, 'min_samples_leaf': 2, 'min_samples_split': 10, 'n_estimators': 200}",0.4444444444444444,0.3488372093023256,0.2682926829268293,0.35385811222453306,0.07200124013309477,52,0.8415841584158416,0.82,0.7979274611398963,0.8198372065185793,0.017823143765884397
0.17238640785217285,0.01721249379223267,0.10079224904378255,0.015729256012835754,15,4,2,50,"{'max_depth': 15, 'min_samples_leaf': 4, 'min_samples_split': 2, 'n_estimators': 50}",0.41025641025641024,0.3764705882352941,0.2619047619047619,0.34954392013215546,0.06348667568088713,58,0.7684210526315789,0.7918781725888325,0.7897435897435897,0.7833476049880003,0.010590580245908629
0.2699832121531169,0.10510143056164807,0.0793014367421468,0.014702864225600113,15,4,2,100,"{'max_depth': 15, 'min_samples_leaf': 4, 'min_samples_split': 2, 'n_estimators': 100}",0.4691358024691358,0.3373493975903614,0.175,0.32716173335316573,0.12029632565876093,72,0.7486631016042781,0.8020304568527918,0.774869109947644,0.7751875561349046,0.02178829513807667
0.5367469787597656,0.058208973309451566,0.12150867780049641,0.007735302001350203,15,4,2,200,"{'max_depth': 15, 'min_samples_leaf': 4, 'min_samples_split': 2, 'n_estimators': 200}",0.4444444444444444,0.3023255813953488,0.19753086419753085,0.3147669633457747,0.10118520977631247,84,0.78125,0.7959183673469388,0.7684210526315789,0.7818631399928392,0.011234100902371638
0.14385255177815756,0.02803967383550146,0.08334088325500488,0.02537048546565403,15,4,5,50,"{'max_depth': 15, 'min_samples_leaf': 4, 'min_samples_split': 5, 'n_estimators': 50}",0.41025641025641024,0.3764705882352941,0.2619047619047619,0.34954392013215546,0.06348667568088713,58,0.7684210526315789,0.7918781725888325,0.7897435897435897,0.7833476049880003,0.010590580245908629
0.2629560629526774,0.0688252218583015,0.08420387903849284,0.010615739292669521,15,4,5,100,"{'max_depth': 15, 'min_samples_leaf': 4, 'min_samples_split': 5, 'n_estimators': 100}",0.4691358024691358,0.3373493975903614,0.175,0.32716173335316573,0.12029632565876093,72,0.7486631016042781,0.8020304568527918,0.774869109947644,0.7751875561349046,0.02178829513807667
0.48294663429260254,0.0708518345790686,0.1007707913716634,0.00892817520345123,15,4,5,200,"{'max_depth': 15, 'min_samples_leaf': 4, 'min_samples_split': 5, 'n_estimators': 200}",0.4444444444444444,0.3023255813953488,0.19753086419753085,0.3147669633457747,0.10118520977631247,84,0.78125,0.7959183673469388,0.7684210526315789,0.7818631399928392,0.011234100902371638
0.16796199480692545,0.005218286332525924,0.07828934987386067,0.005377270632388906,15,4,10,50,"{'max_depth': 15, 'min_samples_leaf': 4, 'min_samples_split': 10, 'n_estimators': 50}",0.4,0.3333333333333333,0.21951219512195122,0.31761517615176155,0.07451736833925632,81,0.717391304347826,0.7446808510638298,0.7897435897435897,0.7506052483850819,0.029833283015367845
0.3354655106862386,0.03350027414129084,0.07928530375162761,0.020053362637859187,15,4,10,100,"{'max_depth': 15, 'min_samples_leaf': 4, 'min_samples_split': 10, 'n_estimators': 100}",0.41975308641975306,0.3132530120481928,0.225,0.31933536615598196,0.07962385505665312,79,0.7419354838709677,0.7708333333333334,0.7643979057591623,0.7590555743211546,0.01238754225778279
0.47877875963846844,0.0671485325929742,0.10510460535685222,0.01007640663396348,15,4,10,200,"{'max_depth': 15, 'min_samples_leaf': 4, 'min_samples_split': 10, 'n_estimators': 200}",0.4444444444444444,0.3170731707317073,0.2891566265060241,0.350224747227392,0.06759115754855767,56,0.7340425531914894,0.7643979057591623,0.7619047619047619,0.7534484069518045,0.013759707160031593
0.15167133013407388,0.009484907175754452,0.0998545487721761,0.010108163898695207,,1,2,50,"{'max_depth': None, 'min_samples_leaf': 1, 'min_samples_split': 2, 'n_estimators': 50}",0.4827586206896552,0.4731182795698925,0.4222222222222222,0.45936637416059,0.026558113156394204,6,1.0,1.0,1.0,1.0,0.0
0.31595691045125324,0.053128999499593585,0.09162425994873047,0.017331245894324113,,1,2,100,"{'max_depth': None, 'min_samples_leaf': 1, 'min_samples_split': 2, 'n_estimators': 100}",0.5057471264367817,0.4444444444444444,0.46153846153846156,0.47057667747322923,0.025829849855364663,4,1.0,1.0,1.0,1.0,0.0
0.49778374036153156,0.09566713846203412,0.09300398826599121,0.004298655601869325,,1,2,200,"{'max_depth': None, 'min_samples_leaf': 1, 'min_samples_split': 2, 'n_estimators': 200}",0.4943820224719101,0.46153846153846156,0.42696629213483145,0.4609622587150677,0.027525372313445547,5,1.0,1.0,1.0,1.0,0.0
0.1666382153828939,0.02306120975699002,0.0966039498647054,0.03599599058933956,,1,5,50,"{'max_depth': None, 'min_samples_leaf': 1, 'min_samples_split': 5, 'n_estimators': 50}",0.4578313253012048,0.43478260869565216,0.3448275862068966,0.4124805067345845,0.048754480657234735,20,0.9736842105263158,0.9502262443438914,0.9502262443438914,0.9580455664046994,0.01105819130695803
0.3307329018910726,0.027229847472720392,0.09196027119954427,0.014613916727313334,,1,5,100,"{'max_depth': None, 'min_samples_leaf': 1, 'min_samples_split': 5, 'n_estimators': 100}",0.47058823529411764,0.4222222222222222,0.36363636363636365,0.4188156070509012,0.043729314980291166,15,0.9779735682819384,0.9502262443438914,0.9502262443438914,0.9594753523232403,0.013080213944248577
0.4860673745473226,0.05665152869756474,0.10948920249938965,0.024793747290531052,,1,5,200,"{'max_depth': None, 'min_samples_leaf': 1, 'min_samples_split': 5, 'n_estimators': 200}",0.47619047619047616,0.3956043956043956,0.36363636363636365,0.41181041181041184,0.04735738790771864,23,0.9824561403508771,0.9688888888888889,0.9596412556053812,0.9703287616150491,0.009369619934953647
0.15019814173380533,0.01807612027615774,0.06179134051005045,0.013314268148480324,,1,10,50,"{'max_depth': None, 'min_samples_leaf': 1, 'min_samples_split': 10, 'n_estimators': 50}",0.4878048780487805,0.4,0.2682926829268293,0.38536585365853665,0.09021093662881428,35,0.8585365853658536,0.8585365853658536,0.8737864077669902,0.8636198594995658,0.007188835221156136
0.3117644786834717,0.04069771965046542,0.09868041674296062,0.004604542023518235,,1,10,100,"{'max_depth': None, 'min_samples_leaf': 1, 'min_samples_split': 10, 'n_estimators': 100}",0.47619047619047616,0.3595505617977528,0.3058823529411765,0.3805411303098018,0.07109461857749352,41,0.8695652173913043,0.8640776699029126,0.8627450980392157,0.8654626617778108,0.0029515147370273087
0.5334184964497884,0.02019399357164632,0.11043238639831543,0.008483749245937311,,1,10,200,"{'max_depth': None, 'min_samples_leaf': 1, 'min_samples_split': 10, 'n_estimators': 200}",0.4578313253012048,0.3409090909090909,0.30952380952380953,0.3694214085780351,0.06381480498628656,44,0.8857142857142857,0.8803827751196173,0.8899521531100478,0.885349737981317,0.0039151773112800995
0.1747096379597982,0.025070472038839917,0.08123453458150227,0.036871349225025746,,2,2,50,"{'max_depth': None, 'min_samples_leaf': 2, 'min_samples_split': 2, 'n_estimators': 50}",0.4634146341463415,0.4222222222222222,0.35294117647058826,0.4128593442797173,0.045583943263930074,19,0.9406392694063926,0.9107981220657277,0.9454545454545454,0.9322973123088886,0.015328798750254283
0.2833262284596761,0.06957703003397428,0.09085543950398763,0.01013198355167613,,2,2,100,"{'max_depth': None, 'min_samples_leaf': 2, 'min_samples_split': 2, 'n_estimators': 100}",0.4666666666666667,0.4175824175824176,0.35294117647058826,0.4123967535732242,0.046572811192059006,22,0.9454545454545454,0.9454545454545454,0.9308755760368663,0.9405948889819857,0.006872592091968127
0.5652162233988444,0.02797263234592372,0.15182940165201822,0.004031552353098168,,2,2,200,"{'max_depth': None, 'min_samples_leaf': 2, 'min_samples_split': 2, 'n_estimators': 200}",0.4634146341463415,0.41304347826086957,0.3448275862068966,0.40709523287136923,0.04859532352094754,26,0.9406392694063926,0.954954954954955,0.9259259259259259,0.9405067167624246,0.01185142211563996
0.17724895477294922,0.024805042957705126,0.08378171920776367,0.017293729817890045,,2,5,50,"{'max_depth': None, 'min_samples_leaf': 2, 'min_samples_split': 5, 'n_estimators': 50}",0.47058823529411764,0.44680851063829785,0.3595505617977528,0.4256491025767228,0.04773630097391653,10,0.9411764705882353,0.9166666666666666,0.9107981220657277,0.9228804197735432,0.013157230217479863
0.36540381113688153,0.04756565488830224,0.09773882230122884,0.03750060082501751,,2,5,100,"{'max_depth': None, 'min_samples_leaf': 2, 'min_samples_split': 5, 'n_estimators': 100}",0.47058823529411764,0.4090909090909091,0.38202247191011235,0.42056720543171305,0.03705628731380021,11,0.9216589861751152,0.9209302325581395,0.9158878504672897,0.9194923564001815,0.002566075826854799
0.5796651840209961,0.019589518904872642,0.1189882755279541,0.004436221696830721,,2,5,200,"{'max_depth': None, 'min_samples_leaf': 2, 'min_samples_split': 5, 'n_estimators': 200}",0.42857142857142855,0.3956043956043956,0.4222222222222222,0.41546601546601547,0.014281481318169111,17,0.9166666666666666,0.9259259259259259,0.9308755760368663,0.9244893895431531,0.00588902957240042
0.22267675399780273,0.046166631283882265,0.07088438669840495,0.04531165672593293,,2,10,50,"{'max_depth': None, 'min_samples_leaf': 2, 'min_samples_split': 10, 'n_estimators': 50}",0.4523809523809524,0.3488372093023256,0.2988505747126437,0.36668957879864056,0.0639370760420905,47,0.83,0.8241206030150754,0.8102564102564103,0.8214590044238287,0.00827709346274365
0.3118707338968913,0.07996692483962435,0.09095803896586101,0.018112495356147486,,2,10,100,"{'max_depth': None, 'min_samples_leaf': 2, 'min_samples_split': 10, 'n_estimators': 100}",0.4523809523809524,0.3132530120481928,0.2619047619047619,0.342512908777969,0.08046697439346727,62,0.8415841584158416,0.8181818181818182,0.7853403141361257,0.8150354302445951,0.023068988167795863
0.5503095785776774,0.07995529901218865,0.1232917308807373,0.04192001009034609,,2,10,200,"{'max_depth': None, 'min_samples_leaf': 2, 'min_samples_split': 10, 'n_estimators': 200}",0.4444444444444444,0.3488372093023256,0.2682926829268293,0.35385811222453306,0.07200124013309477,52,0.8415841584158416,0.82,0.7979274611398963,0.8198372065185793,0.017823143765884397
0.17539715766906738,0.038443643264238624,0.07827075322469075,0.014195099045170209,,4,2,50,"{'max_depth': None, 'min_samples_leaf': 4, 'min_samples_split': 2, 'n_estimators': 50}",0.41025641025641024,0.3953488372093023,0.2619047619047619,0.3558366697901581,0.06669813302125549,50,0.7684210526315789,0.7857142857142857,0.7897435897435897,0.7812929760298181,0.009249274988442604
0.3369431495666504,0.025085802661863436,0.06625771522521973,0.017561191149700003,,4,2,100,"{'max_depth': None, 'min_samples_leaf': 4, 'min_samples_split': 2, 'n_estimators': 100}",0.4691358024691358,0.34146341463414637,0.175,0.3285330723677607,0.12042802245016183,70,0.7486631016042781,0.8020304568527918,0.774869109947644,0.7751875561349046,0.02178829513807667
0.4647434552510579,0.014972074629705307,0.08750192324320476,0.009306589745403493,,4,2,200,"{'max_depth': None, 'min_samples_leaf': 4, 'min_samples_split': 2, 'n_estimators': 200}",0.4444444444444444,0.3023255813953488,0.19753086419753085,0.3147669633457747,0.10118520977631247,84,0.78125,0.7959183673469388,0.7684210526315789,0.7818631399928392,0.011234100902371638
0.1541597048441569,0.03385209309050128,0.09724060694376628,0.03577263076212578,,4,5,50,"{'max_depth': None, 'min_samples_leaf': 4, 'min_samples_split': 5, 'n_estimators': 50}",0.41025641025641024,0.3953488372093023,0.2619047619047619,0.3558366697901581,0.06669813302125549,50,0.7684210526315789,0.7857142857142857,0.7897435897435897,0.7812929760298181,0.009249274988442604
0.3032328287760417,0.032854977773520776,0.06738567352294922,0.007670947348156919,,4,5,100,"{'max_depth': None, 'min_samples_leaf': 4, 'min_samples_split': 5, 'n_estimators': 100}",0.4691358024691358,0.34146341463414637,0.175,0.3285330723677607,0.12042802245016183,70,0.7486631016042781,0.8020304568527918,0.774869109947644,0.7751875561349046,0.02178829513807667
0.5296626885732015,0.0844845385639678,0.06533447901407878,0.0071622770663586546,,4,5,200,"{'max_depth': None, 'min_samples_leaf': 4, 'min_samples_split': 5, 'n_estimators': 200}",0.4444444444444444,0.3023255813953488,0.19753086419753085,0.3147669633457747,0.10118520977631247,84,0.78125,0.7959183673469388,0.7684210526315789,0.7818631399928392,0.011234100902371638
0.14658848444620767,0.011301429835613953,0.0599829355875651,0.0070068890858910856,,4,10,50,"{'max_depth': None, 'min_samples_leaf': 4, 'min_samples_split': 10, 'n_estimators': 50}",0.4,0.3333333333333333,0.21951219512195122,0.31761517615176155,0.07451736833925632,81,0.717391304347826,0.7446808510638298,0.7897435897435897,0.7506052483850819,0.029833283015367845
0.3032042980194092,0.05425792968913003,0.04826823870340983,0.0029006752367749474,,4,10,100,"{'max_depth': None, 'min_samples_leaf': 4, 'min_samples_split': 10, 'n_estimators': 100}",0.41975308641975306,0.3132530120481928,0.225,0.31933536615598196,0.07962385505665312,79,0.7419354838709677,0.7708333333333334,0.7643979057591623,0.7590555743211546,0.01238754225778279
0.47278602917989093,0.023534159670990065,0.046378533045450844,0.00486094899006472,,4,10,200,"{'max_depth': None, 'min_samples_leaf': 4, 'min_samples_split': 10, 'n_estimators': 200}",0.4444444444444444,0.3170731707317073,0.2891566265060241,0.350224747227392,0.06759115754855767,56,0.7340425531914894,0.7643979057591623,0.7619047619047619,0.7534484069518045,0.013759707160031593
